{"cameraMode":{"drawMode":0,"name":"Shaded","section":"Shading Mode"},"sceneLighting":true,"audioPlay":false,"sceneViewState":{"showFog":true,"showMaterialUpdate":false,"showSkybox":true,"showFlares":true,"showImageEffects":true,"showParticleSystems":true},"in2DMode":false,"pivot":{"x":54.73265838623047,"y":-43.59849166870117,"z":136.81924438476563},"rotation":{"x":0.16640527546405793,"y":0.17209231853485108,"z":-0.029499953612685205,"w":0.9705077409744263},"size":195.83200073242188,"orthographic":false}