{"cameraMode":{"drawMode":0,"name":"Shaded","section":"Shading Mode"},"sceneLighting":true,"audioPlay":false,"sceneViewState":{"showFog":true,"showMaterialUpdate":false,"showSkybox":true,"showFlares":true,"showImageEffects":true,"showParticleSystems":true},"in2DMode":false,"pivot":{"x":1.0478382110595704,"y":0.3498499393463135,"z":0.6418877840042114},"rotation":{"x":0.2678448557853699,"y":0.06641285121440888,"z":-0.018512004986405374,"w":0.9610265493392944},"size":8.945162773132325,"orthographic":false}