{"cameraMode":{"drawMode":0,"name":"Shaded","section":"Shading Mode"},"sceneLighting":true,"audioPlay":false,"sceneViewState":{"showFog":true,"showMaterialUpdate":false,"showSkybox":true,"showFlares":true,"showImageEffects":true,"showParticleSystems":true},"in2DMode":false,"pivot":{"x":0.5776176452636719,"y":5.143863677978516,"z":-0.21183395385742188},"rotation":{"x":-0.04730615392327309,"y":0.9363893866539002,"z":-0.138947993516922,"w":-0.3188537061214447},"size":12.894731521606446,"orthographic":false}