{"cameraMode":{"drawMode":0,"name":"Shaded","section":"Shading Mode"},"sceneLighting":true,"audioPlay":false,"sceneViewState":{"showFog":true,"showMaterialUpdate":false,"showSkybox":true,"showFlares":true,"showImageEffects":true,"showParticleSystems":true},"in2DMode":false,"pivot":{"x":1.3047585487365723,"y":-1.1234757900238038,"z":-2.329793930053711},"rotation":{"x":0.02005649358034134,"y":0.9505650997161865,"z":-0.30344444513320925,"w":0.06282847374677658},"size":10.62855052947998,"orthographic":false}