{"cameraMode":{"drawMode":0,"name":"Shaded","section":"Shading Mode"},"sceneLighting":true,"audioPlay":false,"sceneViewState":{"showFog":true,"showMaterialUpdate":false,"showSkybox":true,"showFlares":true,"showImageEffects":true,"showParticleSystems":true},"in2DMode":false,"pivot":{"x":-0.08357781171798706,"y":0.78364098072052,"z":1.55238676071167},"rotation":{"x":-0.17047610878944398,"y":0.1287757158279419,"z":-0.02247784473001957,"w":-0.9766570925712586},"size":2.95228910446167,"orthographic":false}