{"cameraMode":{"drawMode":0,"name":"Shaded","section":"Shading Mode"},"sceneLighting":true,"audioPlay":false,"sceneViewState":{"showFog":true,"showMaterialUpdate":false,"showSkybox":true,"showFlares":true,"showImageEffects":true,"showParticleSystems":true},"in2DMode":false,"pivot":{"x":43.34483337402344,"y":-5.867829322814941,"z":-2.326963424682617},"rotation":{"x":0.05265423655509949,"y":0.7003148198127747,"z":-0.05190373212099075,"w":0.7100363373756409},"size":60.26504135131836,"orthographic":false}