{"cameraMode":{"drawMode":0,"name":"Shaded","section":"Shading Mode"},"sceneLighting":true,"audioPlay":false,"sceneViewState":{"m_AlwaysRefresh":false,"showFog":true,"showSkybox":true,"showFlares":true,"showImageEffects":true,"showParticleSystems":true,"showVisualEffectGraphs":true,"m_FxEnabled":true},"in2DMode":false,"pivot":{"x":-2.028799057006836,"y":1.8712162971496583,"z":1.0639867782592774},"rotation":{"x":-0.07755428552627564,"y":0.8855776786804199,"z":-0.16005940735340119,"w":-0.42909327149391177},"size":12.347949981689454,"orthographic":false}