{"cameraMode":{"drawMode":0,"name":"Shaded","section":"Shading Mode"},"sceneLighting":false,"audioPlay":false,"sceneViewState":{"m_AlwaysRefresh":false,"showFog":true,"showSkybox":false,"showFlares":true,"showImageEffects":true,"showParticleSystems":true,"showVisualEffectGraphs":true,"m_FxEnabled":true},"in2DMode":false,"pivot":{"x":0.4100935459136963,"y":6.4417619705200199,"z":-5.995606422424316},"rotation":{"x":-0.03748476505279541,"y":-0.018588006496429445,"z":-0.0006975617725402117,"w":0.9991245269775391},"size":0.27283576130867007,"orthographic":true}