{"cameraMode":{"drawMode":0,"name":"Shaded","section":"Shading Mode"},"sceneLighting":false,"audioPlay":false,"sceneViewState":{"m_AlwaysRefresh":false,"showFog":true,"showSkybox":false,"showFlares":true,"showImageEffects":true,"showParticleSystems":true,"showVisualEffectGraphs":true,"m_FxEnabled":true},"in2DMode":false,"pivot":{"x":0.6240963935852051,"y":6.492798328399658,"z":-6.084138870239258},"rotation":{"x":-0.1826416552066803,"y":0.15413641929626466,"z":-0.029004812240600587,"w":-0.9705935120582581},"size":0.15326890349388123,"orthographic":false}