{"cameraMode":{"drawMode":0,"name":"Shaded","section":"Shading Mode"},"sceneLighting":true,"audioPlay":false,"sceneViewState":{"showFog":true,"showMaterialUpdate":false,"showSkybox":true,"showFlares":true,"showImageEffects":true,"showParticleSystems":true},"in2DMode":false,"pivot":{"x":42.71617126464844,"y":-8.897587776184082,"z":-11.255902290344239},"rotation":{"x":0.19396458566188813,"y":0.7257317900657654,"z":-0.22712968289852143,"w":0.6197614669799805},"size":22.71902084350586,"orthographic":false}