{"cameraMode":{"drawMode":0,"name":"Shaded","section":"Shading Mode"},"sceneLighting":true,"audioPlay":false,"sceneViewState":{"m_AlwaysRefresh":false,"showFog":true,"showSkybox":true,"showFlares":true,"showImageEffects":true,"showParticleSystems":true,"showVisualEffectGraphs":true,"m_FxEnabled":true},"in2DMode":false,"pivot":{"x":-13.048375129699707,"y":101.22250366210938,"z":6.933539390563965},"rotation":{"x":-0.33733415603637698,"y":0.19976301491260529,"z":-0.07348569482564926,"w":-0.9170080423355103},"size":7.983138561248779,"orthographic":false}