{"cameraMode":{"drawMode":0,"name":"Shaded","section":"Shading Mode"},"sceneLighting":true,"audioPlay":false,"sceneViewState":{"m_AlwaysRefresh":false,"showFog":true,"showSkybox":true,"showFlares":true,"showImageEffects":true,"showParticleSystems":true,"showVisualEffectGraphs":true,"m_FxEnabled":true},"in2DMode":false,"pivot":{"x":-6.978328227996826,"y":105.09523010253906,"z":-2.0868706703186037},"rotation":{"x":-0.23038692772388459,"y":0.014588478952646256,"z":-0.0034535296726971866,"w":-0.9729910492897034},"size":2.0647802352905275,"orthographic":false}