{"cameraMode":{"drawMode":0,"name":"Shaded","section":"Shading Mode"},"sceneLighting":true,"audioPlay":false,"sceneViewState":{"m_AlwaysRefresh":false,"showFog":true,"showSkybox":true,"showFlares":true,"showImageEffects":true,"showParticleSystems":true,"showVisualEffectGraphs":true,"m_FxEnabled":true},"in2DMode":false,"pivot":{"x":-7.135105609893799,"y":105.26344299316406,"z":-3.168994903564453},"rotation":{"x":0.06888191401958466,"y":-0.042783401906490329,"z":0.0029571109917014839,"w":0.9967042207717896},"size":2.5526983737945558,"orthographic":false}