{"cameraMode":{"drawMode":0,"name":"Shaded","section":"Shading Mode"},"sceneLighting":true,"audioPlay":false,"sceneViewState":{"m_AlwaysRefresh":false,"showFog":true,"showSkybox":true,"showFlares":true,"showImageEffects":true,"showParticleSystems":true,"showVisualEffectGraphs":true,"m_FxEnabled":true},"in2DMode":false,"pivot":{"x":-7.70042610168457,"y":105.35665893554688,"z":-2.8243515491485597},"rotation":{"x":-0.0763939619064331,"y":-0.028711602091789247,"z":-0.002201019087806344,"w":0.9966629147529602},"size":1.9810388088226319,"orthographic":false}