{"cameraMode":{"drawMode":0,"name":"Shaded","section":"Shading Mode"},"sceneLighting":true,"audioPlay":false,"sceneViewState":{"m_AlwaysRefresh":false,"showFog":true,"showSkybox":true,"showFlares":true,"showImageEffects":true,"showParticleSystems":true,"showVisualEffectGraphs":true,"m_FxEnabled":true},"in2DMode":false,"pivot":{"x":-7.660383701324463,"y":105.60347747802735,"z":-2.8145406246185304},"rotation":{"x":0.20105354487895966,"y":-0.02497626096010208,"z":0.005127978976815939,"w":0.9792487621307373},"size":1.3429806232452393,"orthographic":false}