{"cameraMode":{"drawMode":0,"name":"Shaded","section":"Shading Mode"},"sceneLighting":true,"audioPlay":false,"sceneViewState":{"m_AlwaysRefresh":false,"showFog":true,"showSkybox":true,"showFlares":true,"showImageEffects":true,"showParticleSystems":true,"showVisualEffectGraphs":true,"m_FxEnabled":true},"in2DMode":false,"pivot":{"x":-16.87506103515625,"y":99.88270568847656,"z":11.801681518554688},"rotation":{"x":0.10088832676410675,"y":-0.18688367307186128,"z":0.019297752529382707,"w":0.9769997596740723},"size":13.366555213928223,"orthographic":false}