{"cameraMode":{"drawMode":0,"name":"Shaded","section":"Shading Mode"},"sceneLighting":false,"audioPlay":false,"sceneViewState":{"m_AlwaysRefresh":false,"showFog":true,"showSkybox":false,"showFlares":true,"showImageEffects":true,"showParticleSystems":true,"showVisualEffectGraphs":true,"m_FxEnabled":true},"in2DMode":false,"pivot":{"x":-0.05014953762292862,"y":0.1020251214504242,"z":-0.013601148501038552},"rotation":{"x":0.04709070175886154,"y":-0.8429340720176697,"z":0.07479505985975266,"w":0.5307089686393738},"size":0.65865558385849,"orthographic":true}