{"cameraMode":{"drawMode":0,"name":"Shaded","section":"Shading Mode"},"sceneLighting":false,"audioPlay":false,"sceneViewState":{"m_AlwaysRefresh":false,"showFog":true,"showSkybox":false,"showFlares":true,"showImageEffects":true,"showParticleSystems":true,"showVisualEffectGraphs":true,"m_FxEnabled":true},"in2DMode":false,"pivot":{"x":15.886030197143555,"y":-0.8762434720993042,"z":0.974441647529602},"rotation":{"x":-0.004389495123177767,"y":0.9824197292327881,"z":-0.18518191576004029,"w":-0.02328682877123356},"size":2.564300537109375,"orthographic":false}