{"cameraMode":{"drawMode":0,"name":"Shaded","section":"Shading Mode"},"sceneLighting":true,"audioPlay":false,"sceneViewState":{"m_AlwaysRefresh":false,"showFog":true,"showSkybox":true,"showFlares":true,"showImageEffects":true,"showParticleSystems":true,"showVisualEffectGraphs":true,"m_FxEnabled":true},"in2DMode":false,"pivot":{"x":0.3196924924850464,"y":-0.39431434869766238,"z":1.7874950170516968},"rotation":{"x":0.11839540302753449,"y":-0.14689120650291444,"z":0.01771206222474575,"w":0.981884777545929},"size":3.128232479095459,"orthographic":true}