{"cameraMode":{"drawMode":0,"name":"Shaded","section":"Shading Mode"},"sceneLighting":true,"audioPlay":false,"sceneViewState":{"m_AlwaysRefresh":false,"showFog":true,"showSkybox":true,"showFlares":true,"showImageEffects":true,"showParticleSystems":true,"showVisualEffectGraphs":true,"m_FxEnabled":true},"in2DMode":false,"pivot":{"x":0.6839578151702881,"y":-0.216933012008667,"z":4.265531539916992},"rotation":{"x":0.04783598333597183,"y":0.07783263176679611,"z":-0.00374417332932353,"w":0.9958268404006958},"size":1.5151857137680054,"orthographic":true}