{"cameraMode":{"drawMode":0,"name":"Shaded","section":"Shading Mode"},"sceneLighting":false,"audioPlay":false,"sceneViewState":{"m_AlwaysRefresh":false,"showFog":true,"showSkybox":false,"showFlares":true,"showImageEffects":true,"showParticleSystems":true,"showVisualEffectGraphs":true,"m_FxEnabled":true},"in2DMode":false,"pivot":{"x":0.7814538478851318,"y":1.409912347793579,"z":0.030133545398712159},"rotation":{"x":-0.10179831832647324,"y":-0.022086365148425103,"z":0.0022609313018620016,"w":-0.9945594072341919},"size":0.005727457348257303,"orthographic":false}