{"cameraMode":{"drawMode":0,"name":"Shaded","section":"Shading Mode"},"sceneLighting":true,"audioPlay":false,"sceneViewState":{"m_AlwaysRefresh":false,"showFog":true,"showSkybox":true,"showFlares":true,"showImageEffects":true,"showParticleSystems":true,"showVisualEffectGraphs":true,"m_FxEnabled":true},"in2DMode":false,"pivot":{"x":-1.561774492263794,"y":0.07589232921600342,"z":0.48380112648010256},"rotation":{"x":-0.15711644291877747,"y":0.6843043565750122,"z":-0.15468411147594453,"w":-0.6950648427009583},"size":2.6853902339935304,"orthographic":false}