{"cameraMode":{"drawMode":0,"name":"Shaded","section":"Shading Mode"},"sceneLighting":true,"audioPlay":false,"sceneViewState":{"m_AlwaysRefresh":false,"showFog":true,"showSkybox":true,"showFlares":true,"showImageEffects":true,"showParticleSystems":true,"showVisualEffectGraphs":true,"m_FxEnabled":true},"in2DMode":false,"pivot":{"x":-7.17698860168457,"y":105.67151641845703,"z":-2.8910927772521974},"rotation":{"x":-0.11664613336324692,"y":0.03842609003186226,"z":0.004516108427196741,"w":0.9924206733703613},"size":1.9810388088226319,"orthographic":false}