{"cameraMode":{"drawMode":0,"name":"Shaded","section":"Shading Mode"},"sceneLighting":true,"audioPlay":false,"sceneViewState":{"m_AlwaysRefresh":false,"showFog":true,"showSkybox":true,"showFlares":true,"showImageEffects":true,"showParticleSystems":true,"showVisualEffectGraphs":true,"m_FxEnabled":true},"in2DMode":false,"pivot":{"x":-6.390671253204346,"y":104.32015228271485,"z":-3.3828492164611818},"rotation":{"x":0.17150110006332398,"y":0.04048016294836998,"z":-0.007052542641758919,"w":0.984328031539917},"size":0.6457597017288208,"orthographic":false}