{"cameraMode":{"drawMode":0,"name":"Shaded","section":"Shading Mode"},"sceneLighting":true,"audioPlay":false,"sceneViewState":{"m_AlwaysRefresh":false,"showFog":true,"showSkybox":true,"showFlares":true,"showImageEffects":true,"showParticleSystems":true,"showVisualEffectGraphs":true,"m_FxEnabled":true},"in2DMode":false,"pivot":{"x":-8.692151069641114,"y":103.87074279785156,"z":-2.2826199531555177},"rotation":{"x":-0.21224583685398103,"y":0.14508363604545594,"z":-0.03188171982765198,"w":-0.9658612012863159},"size":10.100714683532715,"orthographic":false}