{"cameraMode":{"drawMode":0,"name":"Shaded","section":"Shading Mode"},"sceneLighting":false,"audioPlay":false,"sceneViewState":{"m_AlwaysRefresh":false,"showFog":true,"showSkybox":false,"showFlares":true,"showImageEffects":true,"showParticleSystems":true,"showVisualEffectGraphs":true,"m_FxEnabled":true},"in2DMode":false,"pivot":{"x":0.9928038120269775,"y":0.8779846429824829,"z":0.7693952918052673},"rotation":{"x":0.11487121880054474,"y":-0.07977651059627533,"z":0.009255403652787209,"w":0.990129292011261},"size":2.033573865890503,"orthographic":false}