{"cameraMode":{"drawMode":0,"name":"Shaded","section":"Shading Mode"},"sceneLighting":true,"audioPlay":false,"sceneViewState":{"m_AlwaysRefresh":false,"showFog":true,"showSkybox":true,"showFlares":true,"showImageEffects":true,"showParticleSystems":true,"showVisualEffectGraphs":true,"m_FxEnabled":true},"in2DMode":false,"pivot":{"x":-0.11303745210170746,"y":0.4605688750743866,"z":-1.223813533782959},"rotation":{"x":0.004207111429423094,"y":0.9862861633300781,"z":-0.16302409768104554,"w":0.02545265480875969},"size":1.435158610343933,"orthographic":false}