{"cameraMode":{"drawMode":0,"name":"Shaded","section":"Shading Mode"},"sceneLighting":false,"audioPlay":false,"sceneViewState":{"m_AlwaysRefresh":false,"showFog":true,"showSkybox":false,"showFlares":true,"showImageEffects":true,"showParticleSystems":true,"showVisualEffectGraphs":true,"m_FxEnabled":true},"in2DMode":false,"pivot":{"x":-5.832170486450195,"y":104.37403869628906,"z":-6.780434608459473},"rotation":{"x":0.11076772958040238,"y":-0.008944492787122727,"z":0.0009969365783035756,"w":0.9938055276870728},"size":0.18432636559009553,"orthographic":false}