{"cameraMode":{"drawMode":0,"name":"Shaded","section":"Shading Mode"},"sceneLighting":true,"audioPlay":false,"sceneViewState":{"m_AlwaysRefresh":false,"showFog":true,"showSkybox":true,"showFlares":true,"showImageEffects":true,"showParticleSystems":true,"showVisualEffectGraphs":true,"m_FxEnabled":true},"in2DMode":false,"pivot":{"x":-1.2438794374465943,"y":20.246837615966798,"z":0.46972155570983889},"rotation":{"x":0.0026196660473942758,"y":-0.7406200170516968,"z":0.002886845963075757,"w":0.6719145178794861},"size":13.71152114868164,"orthographic":false}