{"cameraMode":{"drawMode":0,"name":"Shaded","section":"Shading Mode"},"sceneLighting":true,"audioPlay":false,"sceneViewState":{"m_AlwaysRefresh":false,"showFog":true,"showSkybox":true,"showFlares":true,"showImageEffects":true,"showParticleSystems":true,"showVisualEffectGraphs":true,"m_FxEnabled":true},"in2DMode":false,"pivot":{"x":-8.559749603271485,"y":105.53907775878906,"z":3.0189952850341799},"rotation":{"x":0.051880232989788058,"y":-0.0608806349337101,"z":0.003168076742440462,"w":0.9967997074127197},"size":7.048111438751221,"orthographic":false}