{"cameraMode":{"drawMode":0,"name":"Shaded","section":"Shading Mode"},"sceneLighting":true,"audioPlay":false,"sceneViewState":{"m_AlwaysRefresh":false,"showFog":true,"showSkybox":true,"showFlares":true,"showImageEffects":true,"showParticleSystems":true,"showVisualEffectGraphs":true,"m_FxEnabled":true},"in2DMode":false,"pivot":{"x":0.5104221105575562,"y":1.1830183267593384,"z":0.9042224884033203},"rotation":{"x":-0.1006685197353363,"y":-0.28618094325065615,"z":0.030249543488025667,"w":-0.9523926377296448},"size":0.9224527478218079,"orthographic":false}