{"cameraMode":{"drawMode":0,"name":"Shaded","section":"Shading Mode"},"sceneLighting":false,"audioPlay":false,"sceneViewState":{"m_AlwaysRefresh":false,"showFog":true,"showSkybox":false,"showFlares":true,"showImageEffects":true,"showParticleSystems":true,"showVisualEffectGraphs":true,"m_FxEnabled":true},"in2DMode":false,"pivot":{"x":-0.26198244094848635,"y":104.20680236816406,"z":-3.33359432220459},"rotation":{"x":0.026483500376343728,"y":0.8587054014205933,"z":-0.04460553079843521,"w":0.5098387002944946},"size":0.09052464365959168,"orthographic":true}