{"cameraMode":{"drawMode":0,"name":"Shaded","section":"Shading Mode"},"sceneLighting":true,"audioPlay":false,"sceneViewState":{"showFog":true,"showMaterialUpdate":false,"showSkybox":true,"showFlares":true,"showImageEffects":true,"showParticleSystems":true},"in2DMode":false,"pivot":{"x":-0.7400755882263184,"y":0.43066835403442385,"z":2.3453316688537599},"rotation":{"x":-0.18303076922893525,"y":0.08746417611837387,"z":-0.016350839287042619,"w":-0.9790732264518738},"size":6.640186309814453,"orthographic":false}