{"cameraMode":{"drawMode":0,"name":"Shaded","section":"Shading Mode"},"sceneLighting":true,"audioPlay":false,"sceneViewState":{"m_AlwaysRefresh":false,"showFog":true,"showSkybox":true,"showFlares":true,"showImageEffects":true,"showParticleSystems":true,"showVisualEffectGraphs":true,"m_FxEnabled":true},"in2DMode":false,"pivot":{"x":1.0039587020874024,"y":6.124760627746582,"z":1.875758409500122},"rotation":{"x":0.02847624570131302,"y":-0.7778410911560059,"z":0.03533632680773735,"w":0.6268212199211121},"size":0.5598838329315186,"orthographic":false}